Source,Year,sex,length_cm,latitude,longitude,Month,Day,
M17/90,1990,U,NA,58.79436874,-2.920483351,04,10,
M18/90,1990,F,156,57.39171982,-6.039045334,05,13,
M22/90,1990,M,151,60.52709579,-0.610899866,06,07,
M23/90,1990,M,125,60.30149078,-1.356991172,07,01,
M27/90,1990,M,137,56.1280632,-3.11611414,07,19,
M30/90,1990,M,143,60.27845383,-1.159211278,08,01,
M32/90,1990,F,146,57.25284958,-2.034775257,08,14,
M34/90,1990,F,146,56.78693771,-2.348598003,09,03,
M36/90,1990,U,NA,57.59463882,-3.846152067,09,14,
M38/90,1990,U,NA,58.95122147,-2.835994959,10,21,
M5/91,1991,U,NA,58.96274567,-2.984081507,03,01,
M6/91,1991,M,143,56.0006752,-4.851265907,03,20,
M7/91,1991,U,100,58.91513824,-2.986190796,04,27,
M1068/91,1991,F,161,57.58892822,-3.891863108,06,04,
M9/91,1991,U,NA,56.7060585,-2.487495184,06,10,
M11/91,1991,U,NA,56.33847427,-2.778008699,06,15,
M12/91,1991,U,76,56.90623856,-5.844896317,06,16,
M14/91,1991,M,60,54.87192535,-3.608197689,08,12,
M2051/91,1991,M,148,57.681787,-4.0392614,10,09,
M21/91,1991,F,153,56.01879883,-2.883867502,11,09,
M1900/92,1992,M,106,56.36582565,-6.148480415,02,27,
M435/92,1992,U,135,56.04719162,-3.555597544,02,28,
M853/92,1992,U,NA,56.42583466,-5.484859467,03,19,
M674/92,1992,F,155,57.15571594,-2.077649832,04,01,
M734/92,1992,U,NA,56.74354935,-2.433217525,04,08,
M1054/92,1992,U,146,57.82389069,-3.860388279,05,17,
M1111/92,1992,F,146,57.66175079,-3.558721542,05,25,
M1115/92,1992,F,130,57.74755096,-3.918628693,05,25,
M1244/92,1992,U,NA,57.66997528,-2.348642826,06,04,
M1712/92,1992,F,74,57.66856766,-3.51541543,06,04,
M1243/92,1992,U,118,57.7021904,-3.231556892,06,07,
M1293/92,1992,U,NA,58.27242279,-6.280631542,06,07,
M1232/92,1992,F,148,56.36973953,-2.806174755,06,08,
M1256/92,1992,F,78,55.55281448,-4.660151958,06,08,
M1224/92,1992,F,119,57.68175125,-3.99063158,06,08,
M1246/92,1992,F,72,57.76498413,-3.894335508,06,09,
M1225/92,1992,F,88.5,55.98010254,-3.29647851,06,09,
M1348/92,1992,M,91,57.69777679,-2.902562618,06,20,
M1349/92,1992,M,80,57.70138168,-2.900973082,06,21,
M1362/92,1992,M,150,58.96633148,-3.291991472,06,22,
M1388/92,1992,U,105,56.78872681,-2.350255489,06,24,
M1405/92,1992,F,123,57.69727707,-2.845503092,06,25,
M1504/92,1992,F,163,57.59080124,-3.886945009,07,05,
M1520/92,1992,U,105,56.73544312,-2.438022614,07,06,
M1521/92,1992,U,105,56.7282486,-2.439570427,07,06,
M1522/92,1992,U,105,56.71565247,-2.44596076,07,06,
M1525/92,1992,U,110,56.70395279,-2.452366114,07,06,
M1510/92,1992,M,141,58.20825958,-6.395572186,07,06,
M1581/92,1992,U,150,56.69321442,-2.439176083,07,08,
M1559/92,1992,F,73,57.71855545,-3.386562824,07,09,
M1/92,1992,U,NA,57.67196655,-2.344979525,07,11,
M1708/92,1992,M,85,59.89870834,-1.33148253,07,24,
M1658/92,1992,M,143,60.10803223,-1.570067525,07,24,
M1738/92,1992,F,118,57.59106827,-3.868556023,08,05,
M1812/92,1992,M,106,57.67494202,-1.968106866,08,11,
M1814/92,1992,F,120,57.5897789,-3.953813076,08,11,
M1970/92,1992,F,158,54.86962891,-3.645515203,08,30,
M2030/92,1992,F,121,57.66300201,-3.602365017,09,06,
M2195/92,1992,F,122,57.67107773,-2.544809341,09,22,
M2212/92,1992,M,159,57.67211533,-2.186050892,09,23,
M2267/92,1992,F,136,57.72118759,-3.307745457,09,29,
M2337/92,1992,M,107,57.7254715,-3.32805419,10,07,
M2476/92,1992,U,NA,57.69776917,-2.904243231,10,14,
M2547/92,1992,M,124,56.61849213,-2.482301235,11,03,
M2587/92,1992,U,156,57.68148804,-3.140289545,11,08,
M2630/92,1992,M,116,57.6840744,-3.495938301,11,13,
M2637/92,1992,M,152,58.59547424,-3.369486809,11,15,
M2651/92,1992,M,151,60.20959473,-1.370279431,11,17,
M2679/92,1992,M,133,57.72629166,-5.689774036,11,22,
M2763/92,1992,M,128,58.99446106,-2.946700335,12,05,
M2858/92,1992,M,148,54.85500336,-3.789792299,12,18,
M42/93,1993,M,115,57.38355637,-6.074783325,01,06,
M279/93,1993,U,127,57.30316925,-7.395502567,01,17,
M105/93,1993,F,154,56.57896042,-6.281003475,01,18,
M136/93,1993,F,110.5,59.87080002,-1.315969467,01,23,
M185/93,1993,M,130,59.87883759,-1.308650732,01,25,
M270/93,1993,F,168,55.64271927,-4.820406914,02,07,
M359/93,1993,U,NA,54.77595901,-4.364738941,02,15,
M440/93,1993,M,133,56.06040955,-2.70014143,02,27,
M491/93,1993,M,146,57.20513153,-2.062868595,03,05,
M492/93,1993,U,135,56.06040955,-2.70014143,03,07,
M517/93,1993,M,157,57.50398636,-4.299777031,03,09,
M652/93,1993,U,110,57.66642761,-3.010746717,03,26,
M752/93,1993,M,102,58.03357315,-3.835688829,04,08,
M791/93,1993,U,NA,57.13956451,-2.044582605,04,14,
M831/93,1993,U,150,57.40987778,-1.858489633,04,19,
M843/93,1993,F,145,57.7254715,-3.32805419,04,20,
M822/93,1993,F,110,58.89968109,-2.888560057,04,21,
M879/93,1993,U,90,58.89968109,-2.888560057,04,21,
M906/93,1993,M,121,57.67744827,-2.979185104,04,28,
M930/93,1993,F,121,57.66460419,-3.617511272,04,30,
M1063/93,1993,F,141,59.53703308,-1.603888512,05,16,
M1089/93,1993,M,127,57.74845123,-3.918684959,05,19,
M1106/93,1993,M,97,55.76209641,-6.363193989,05,21,
M1116/93,1993,M,148,57.66276932,-3.620789289,05,22,
M1204/93,1993,M,152,57.63835907,-5.804899693,05,31,
M1190/93,1993,M,76,58.50348663,-3.130787849,05,31,
M1227/93,1993,F,141,57.88892746,-4.013887405,06,03,
M1257/93,1993,U,159,56.2125206,-2.93184948,06,04,
M1255/93,1993,U,NA,56.2125206,-2.93184948,06,04,
M1245/93,1993,U,80,58.26197433,-6.323728085,06,04,
M1237/93,1993,F,160,56.7253418,-5.247639179,06,04,
M1248/93,1993,M,82,57.66458511,-3.619190931,06,06,
M1256/93,1993,U,87,56.2125206,-2.93184948,06,06,
M1263/93,1993,F,156,60.4859581,-1.545060039,06,08,
M1296/93,1993,M,156,57.2114296,-2.044664383,06,10,
M1319/93,1993,M,74,56.33575058,-2.781183958,06,11,
M1344/93,1993,U,90,57.69402313,-4.009770393,06,13,
M1347/93,1993,U,140,57.71795654,-3.272378445,06,14,
M1325/93,1993,M,124,57.68031311,-2.957461119,06,14,
M1346/93,1993,F,120,57.71878815,-3.279129744,06,14,
M1399/93,1993,U,NA,58.50348663,-3.130787849,06,18,
M1400/93,1993,U,NA,58.50348663,-3.130787849,06,18,
M1369/93,1993,F,124,58.02545166,-3.8386724,06,18,
M1404/93,1993,U,140,57.92238617,-4.000564098,06,19,
M1411/93,1993,M,82.5,59.52267838,-1.607600331,06,21,
M1482/93,1993,F,74,57.98932648,-3.655817509,06,30,
M1564/93,1993,U,150,56.05877304,-2.671200037,07,02,
M1559/93,1993,M,162,57.68082428,-2.325282812,07,07,
M1592/93,1993,M,137,57.7264061,-3.324731588,07,12,
M1646/93,1993,U,120,57.6913414,-3.489532471,07,18,
M1653/93,1993,F,156,57.71054077,-2.29534173,07,20,
M1730/93,1993,U,100,55.97621155,-2.450233221,07,23,
M1848/93,1993,U,75,58.61545944,-3.347876787,08,15,
M1847/93,1993,F,100,58.61634445,-3.349627733,08,15,
M1916/93,1993,F,81,54.91384125,-3.564623117,08,18,
M2053/93,1993,F,110,57.57667542,-4.098621368,09,05,
M2049/93,1993,F,166,56.33934021,-2.78288126,09,06,
M2142/93,1993,U,150,59.23954391,-2.830783606,09,11,
M2189/93,1993,F,173,58.87255478,-2.91387558,09,20,
M2204/93,1993,F,132,57.69370651,-3.972828388,09,21,
M2251/93,1993,M,152,57.71533585,-3.43343997,09,27,
M2306/93,1993,F,102,57.75298691,-3.915566444,10,01,
M2316/93,1993,U,120,56.77010345,-2.406512976,10,02,
M2359/93,1993,F,150,57.97417831,-3.962856293,10,08,
M2378/93,1993,U,140,55.57734299,-5.142621517,10,10,
M2380/93,1993,M,142,57.89080048,-4.008934975,10,12,
M2381/93,1993,M,137,57.59012222,-3.87185359,10,12,
M2558/93,1993,M,151,58.19206238,-6.369727135,11,03,
M2627/93,1993,M,107,57.61042023,-7.1057477,11,14,
M2626/93,1993,F,85,57.21098709,-7.425130367,11,14,
M2648/93,1993,M,120,57.69838715,-4.073781013,11,18,
M1/93,1993,U,NA,58.94126511,-3.087733984,12,29,
M39/94,1994,F,160,57.58790207,-3.900188208,01,07,
M83/94,1994,F,140,57.67716599,-3.12170887,01,14,
M84/94,1994,U,140,57.64305496,-4.050509453,01,17,
M85/94,1994,M,140,56.55151367,-2.595305443,01,17,
M449/94,1994,U,NA,58.46306229,-5.05659008,01,28,
M228/94,1994,U,160,60.47046661,-1.481632471,02,03,
M365/94,1994,U,NA,57.3021698,-1.993330359,02,05,
M665/94,1994,U,120,57.26174545,-2.028148413,02,05,
M232/94,1994,F,120,57.70739746,-4.126329422,02,05,
M254/94,1994,F,150,57.69164658,-3.989506483,02,06,
M237/94,1994,F,119,57.6975975,-3.491466522,02,07,
M266/94,1994,M,130,57.75027084,-3.917097569,02,08,
M291/94,1994,M,138,58.89968109,-2.888560057,02,11,
M364/94,1994,F,112,55.99900436,-2.88662529,02,18,
M392/94,1994,F,101,57.66144562,-1.911134362,02,23,
M430/94,1994,M,138,56.00434113,-3.533029795,02,25,
M429/94,1994,M,130,57.3111496,-1.994980335,03,01,
M487/94,1994,M,138,57.75301361,-3.913882256,03,07,
M488/94,1994,U,120,57.94123077,-4.001615047,03,08,
M623/94,1994,U,130,58.19616699,-6.354887962,03,23,
M764/94,1994,U,107,57.36555099,-7.409674644,03,26,
M958/94,1994,M,140,60.1841507,-1.511393905,03,30,
M653/94,1994,F,112,57.5790329,-4.118830681,03,31,
M678/94,1994,F,129,57.70394135,-3.486692905,04,02,
M796/94,1994,U,100,56.00107574,-3.351697922,04,18,
M809/94,1994,U,110,55.5797081,-4.663549423,04,20,
M844/94,1994,M,106,57.56142426,-4.042571545,04,23,
M2715/94,1994,U,146,58.87251282,-2.920808077,04,26,
M948/94,1994,U,100,57.6569519,-4.024481773,05,04,
M1005/94,1994,U,150,57.71178818,-3.260408878,05,13,
M1034/94,1994,M,77,57.69381714,-2.825300932,05,17,
M1102/94,1994,M,82,58.59947586,-4.020167351,05,26,
M1111/94,1994,U,100,54.90884781,-5.020053387,05,27,
M1122/94,1994,U,100,54.92492294,-5.060287952,05,28,
M1115/94,1994,U,120,57.50981903,-4.225011826,05,30,
M1125/94,1994,U,80,58.68122101,-3.493579149,05,30,
M1215/94,1994,U,NA,57.14314651,-2.071026802,06,04,
M1239/94,1994,U,NA,56.05183792,-3.681040764,06,06,
M1167/94,1994,F,75,57.67372894,-2.995849609,06,07,
M1241/94,1994,U,65,60.43890381,-1.449419618,06,17,
M1267/94,1994,F,77,57.43816757,-7.395380974,06,21,
M1301/94,1994,U,100,57.6173172,-4.085901737,06,27,
M1318/94,1994,F,78.7,56.2096405,-2.955966949,06,28,
M1349/94,1994,M,138,55.98523331,-4.896630287,07,01,
M1428/94,1994,U,60,57.02881241,-7.454589844,07,13,
M1646/94,1994,U,NA,57.89450836,-7.048509121,07,14,
M1541/94,1994,F,154,57.57401657,-4.096797466,07,28,
M1641/94,1994,M,142,57.5412941,-7.40396452,07,29,
M1661/94,1994,F,147,55.96112442,-2.395606041,08,11,
M1719/94,1994,F,135,60.50130081,-1.56852591,08,21,
M1710/94,1994,M,118,57.67742157,-3.980342627,08,22,
M1873/94,1994,U,NA,55.95394897,-3.122618675,08,27,
M1864/94,1994,U,167,57.17879868,-7.420396328,09,02,
M1836/94,1994,M,102,57.58901978,-4.112714291,09,02,
M1951/94,1994,F,148,56.51966095,-6.88779068,09,16,
M1952/94,1994,F,150,57.76318741,-3.894240856,09,17,
M1987/94,1994,F,104,57.69220352,-4.011334419,09,21,
M2060/94,1994,M,122,57.75027084,-3.917097569,09,29,
M2179/94,1994,M,130,57.57392502,-4.101807594,10,14,
M2250/94,1994,M,122,57.70739746,-4.126329422,10,23,
M2297/94,1994,F,110,56.97459793,-7.520817757,10,28,
M2294/94,1994,M,142,56.83203888,-2.273630381,10,28,
M2494/94,1994,M,160,57.23957062,-7.450910091,11,16,
M2545/94,1994,F,121,56.34728241,-2.805688858,12,01,
M2553/94,1994,M,111,55.75165176,-4.928692341,12,03,
M2586/94,1994,U,120,57.7505188,-3.900310755,12,06,
M2587/94,1994,M,104,57.69313812,-3.489607096,12,09,
M204/95,1995,F,100,55.98543549,-2.899141073,01,23,
M170/95,1995,F,125,57.23828125,-7.439105511,01,26,
M435/95,1995,U,NA,56.84156418,-6.255196571,02,13,
M349/95,1995,F,114,54.92142487,-3.60392642,02,25,
M438/95,1995,F,161,60.09925079,-1.221333504,03,09,
M446/95,1995,F,147,59.92004776,-1.28991425,03,13,
M529/95,1995,F,163,58.85549545,-2.913431406,03,21,
M584/95,1995,F,170,55.48608017,-4.628726959,03,29,
M750/95,1995,M,148,58.20898438,-6.295135975,04,22,
M752/95,1995,M,123,57.69378281,-2.830325603,04,23,
M765/95,1995,M,111,57.6931076,-2.927598953,04,25,
M811/95,1995,M,129,57.60224533,-4.018091202,05,03,
M872/95,1995,U,100,56.11333084,-4.838675499,05,10,
M887/95,1995,M,110,57.68284988,-4.034310818,05,11,
M1103/95,1995,M,78,57.27251816,-2.021517992,06,10,
M1158/95,1995,U,75,56.05912399,-2.713503361,06,12,
M1147/95,1995,M,88,55.9727211,-2.42136097,06,17,
M1748/95,1995,U,NA,57.18716431,-2.07275486,06,23,
M1190/95,1995,F,148,57.92696381,-5.220355034,06,23,
M1749/95,1995,U,NA,57.40629196,-1.861819386,06,29,
M1579/95,1995,M,136,55.91405487,-2.145541668,07,03,
M1220/95,1995,F,132,57.68678665,-2.93248415,07,03,
M1303/95,1995,F,124,57.57409668,-4.091786861,07,13,
M2111/95,1995,U,NA,57.82663345,-2.506737232,07,26,
M1546/95,1995,U,100,57.24915695,-2.041396379,08,14,
M1575/95,1995,F,119,57.49028397,-4.262198448,08,15,
M1679/95,1995,M,104,57.70399475,-3.030242443,08,24,
M1744/95,1995,M,152,57.15930939,-2.077659607,09,04,
M2113/95,1995,U,NA,58.03081894,-5.507584572,09,14,
M2581/95,1995,U,170,58.21002197,-7.051948071,09,16,
M2000/95,1995,M,138,57.7385025,-3.923197508,10,04,
M2016/95,1995,F,104,57.75304031,-3.912198305,10,06,
M2583/95,1995,U,NA,57.52207947,-7.668395996,10,14,
M2283/95,1995,U,150,57.35413742,-7.402990341,10,28,
M2582/95,1995,U,80,57.80866623,-7.098398209,10,31,
M2335/95,1995,M,152,58.8013649,-3.166418314,11,17,
M2461/95,1995,F,131,58.02455139,-3.838617325,12,06,
M2516/95,1995,M,153,57.20602798,-2.062862396,12,18,
M2580/95,1995,U,NA,56.84282303,-2.273716688,12,20,
M2578/95,1995,M,102,56.00781631,-3.392028809,12,21,
M2548/95,1995,F,139,57.60085297,-4.10336256,12,22,
M2566/95,1995,U,150,57.75396347,-3.910571098,12,25,
M62/96,1996,U,100,56.03873444,-2.858645439,01,03,
M10/96,1996,F,130,57.15661621,-2.077660322,01,04,
M37/96,1996,U,130,57.17189407,-2.076037169,01,09,
M63/96,1996,M,106,57.56886673,-7.453290939,01,10,
M82/96,1996,U,140,56.73815536,-2.434789181,01,15,
M83/96,1996,U,120,56.72166443,-2.516302824,01,15,
M75/96,1996,M,150,56.20286179,-2.768814802,01,16,
M146/96,1996,M,109,57.168293,-2.077683926,01,28,
M225/96,1996,F,110,60.22547913,-1.314017415,02,12,
M271/96,1996,U,80,57.13866425,-2.046227932,02,19,
M284/96,1996,M,157,58.90686417,-3.310605764,02,22,
M274/96,1996,U,100,57.66447067,-3.029117584,02,22,
M1298/96,1996,M,120,56.10596085,-3.794349194,03,01,
M359/96,1996,F,150,56.19494247,-2.878250599,03,01,
M381/96,1996,U,100,54.91013336,-5.004554272,03,09,
M398/96,1996,M,133,57.82071304,-3.831590891,03,14,
M400/96,1996,F,119,57.72756958,-3.93269825,03,15,
M432/96,1996,U,140,57.96208954,-3.989252329,03,19,
M440/96,1996,F,129,57.68135834,-3.497514248,03,20,
M444/96,1996,M,107,57.7622757,-3.895885944,03,20,
M463/96,1996,M,125,57.16559982,-2.077684879,03,22,
M573/96,1996,U,150,57.21232605,-2.059568405,03,31,
M515/96,1996,F,126,57.72197342,-3.319527626,03,31,
M529/96,1996,M,140,60.22369385,-1.315845966,04,01,
M600/96,1996,M,139,57.36898804,-7.413516521,04,01,
M669/96,1996,U,117,60.7028389,-0.869695961,04,10,
M619/96,1996,M,114,57.26533508,-2.026492596,04,12,
M748/96,1996,U,120,58.59380722,-3.071759939,04,25,
M738/96,1996,U,110,55.91933823,-4.946127415,04,29,
M760/96,1996,M,119,57.72332001,-3.361563444,05,02,
M770/96,1996,F,118,57.24556351,-2.041389942,05,03,
M772/96,1996,M,145,57.70987701,-3.439933538,05,03,
M775/96,1996,M,110,57.69322968,-4.003004551,05,06,
M788/96,1996,M,123,57.72464752,-3.321300983,05,07,
M787/96,1996,M,109,57.25095367,-2.038078785,05,07,
M826/96,1996,U,100,57.68769073,-2.930818796,05,14,
M1315/96,1996,U,120,56.52245331,-6.953262806,05,14,
M846/96,1996,M,149,57.66640854,-3.01240921,05,16,
M866/96,1996,M,122,57.25095367,-2.038078785,05,21,
M897/96,1996,U,NA,57.69201279,-4.023084641,05,22,
M886/96,1996,M,114,57.20243835,-2.062853813,05,23,
M2370/96,1996,U,100,58.9138298,-2.783013344,06,01,
M973/96,1996,F,120,57.47761536,-7.37782383,06,01,
M2516/96,1996,U,138,60.22742462,-1.563086629,06,01,
M974/96,1996,M,145,57.37331772,-7.417485237,06,03,
M1251/96,1996,M,80,60.35507584,-0.946994662,06,12,
M1020/96,1996,F,106,56.2016983,-4.746848583,06,13,
M1031/96,1996,F,78,57.93652344,-5.197556496,06,17,
M1046/96,1996,F,137,57.67108536,-2.543129921,06,23,
M1105/96,1996,F,75,57.57129669,-4.043123245,06,27,
M1152/96,1996,M,88,57.5826416,-4.063838959,07,05,
M1248/96,1996,U,160,57.45059586,-6.752943516,07,12,
M1249/96,1996,U,80,56.93058395,-5.868948936,07,14,
M1276/96,1996,U,83,57.26314163,-7.426177502,07,20,
M1343/96,1996,M,81,54.86389923,-3.796415567,08,01,
M1688/96,1996,M,107,57.30562973,-7.400846481,08,30,
M1670/96,1996,F,160,57.4613533,-7.400475502,09,01,
M1690/96,1996,M,157,57.43816757,-7.395380974,09,03,
M1611/96,1996,M,142,56.33843994,-2.782870054,09,05,
M1676/96,1996,M,148,57.68355942,-2.739533424,09,13,
M1700/96,1996,U,NA,59.20446777,-2.684599638,09,17,
M1801/96,1996,F,165,57.39505768,-7.372361183,09,20,
M1766/96,1996,U,100,56.77329636,-2.402463198,09,21,
M1764/96,1996,M,106,57.89075089,-4.012298584,09,22,
M1824/96,1996,U,170,58.52055359,-3.129612923,09,25,
M1873/96,1996,U,120,56.02865601,-3.376725435,10,04,
M1907/96,1996,U,100,56.701931,-5.214565754,10,07,
M1932/96,1996,F,142,56.04930115,-3.295578718,10,13,
M1933/96,1996,M,141,60.49753571,-1.157176256,10,13,
M2042/96,1996,U,NA,57.57844543,-4.100402355,10,25,
M2138/96,1996,M,153,59.29387665,-2.581056595,11,06,
M2137/96,1996,F,118,57.66448593,-3.02745533,11,07,
M2199/96,1996,M,132,57.66252136,-3.568811893,11,17,
M2261/96,1996,M,148,57.17009354,-2.077688932,11,27,
M2367/96,1996,U,120,56.02334213,-2.87594676,12,06,
M2439/96,1996,U,110,55.55916595,-4.657398224,12,17,
M2445/96,1996,M,144,56.00783539,-3.390422106,12,19,
M2474/96,1996,M,146,57.24017334,-2.044700384,12,22,
M31/97,1997,U,NA,57.30845261,-1.993324518,01,05,
M32/97,1997,F,104,57.17728424,-2.077708483,01,08,
M2957/97,1997,M,110,58.34438324,-6.643199444,01,14,
M106/97,1997,M,157,55.63604736,-4.797682285,01,16,
M206/97,1997,F,165,59.2809906,-2.428152561,01,16,
M372/97,1997,F,130,56.02956772,-3.375158548,02,18,
M407/97,1997,M,93,58.1018219,-5.271762371,02,19,
M2960/97,1997,M,NA,59.24630356,-2.752044678,02,21,
M414/97,1997,F,117,57.60297394,-1.834313154,02,22,
M627/97,1997,U,122,56.18881607,-2.855543137,03,08,
M540/97,1997,M,170,60.17250824,-1.315112829,03,11,
M622/97,1997,F,152,60.35018921,-2.543308735,03,18,
M682/97,1997,M,115,56.05965042,-3.250960112,03,24,
M677/97,1997,F,93,57.70472336,-3.49679327,03,28,
M684/97,1997,M,122,58.59817123,-3.369584799,03,31,
M714/97,1997,M,123,60.49102783,-1.459457159,04,03,
M866/97,1997,U,110,57.65115738,-5.797854424,04,03,
M742/97,1997,F,105,55.74880981,-4.858342171,04,05,
M741/97,1997,F,114,57.59532547,-4.111414433,04,05,
M776/97,1997,M,114,57.28399277,-7.42260313,04,07,
M757/97,1997,M,112,56.00066376,-3.388566017,04,08,
M756/97,1997,F,134,56.06376266,-3.198095083,04,08,
M1085/97,1997,U,NA,55.75251389,-5.384665966,04,09,
M802/97,1997,M,107,57.00866318,-5.832431316,04,11,
M881/97,1997,U,115,57.1151886,-7.39287138,04,12,
M869/97,1997,U,140,57.58675385,-3.916843653,04,16,
M836/97,1997,F,115,56.7165451,-2.44598031,04,16,
M843/97,1997,F,127,56.16666794,-3.048294544,04,17,
M990/97,1997,M,108,56.00875092,-3.388856411,05,05,
M1028/97,1997,F,126,57.66997528,-2.348642826,05,09,
M1109/97,1997,U,153,57.58914185,-7.525049686,05,11,
M1217/97,1997,M,154,57.68650055,-2.697659492,05,31,
M1248/97,1997,F,71,57.87995148,-4.013381004,06,04,
M1507/97,1997,F,171,59.95478821,-1.177196264,06,14,
M1828/97,1997,U,70,59.03615952,-2.574948549,06,15,
M1345/97,1997,M,115,57.17098999,-2.077682972,06,17,
M1381/97,1997,U,150,58.20584106,-6.308377743,06,18,
M1513/97,1997,U,NA,58.01326752,-6.493605614,06,21,
M1376/97,1997,U,NA,57.26174164,-2.026487589,06,21,
M1377/97,1997,F,160,57.75298691,-3.915566444,06,21,
M1382/97,1997,U,NA,57.2761116,-2.018199205,06,23,
M1452/97,1997,M,152,57.75190353,-7.141910553,06,25,
M1436/97,1997,U,NA,57.14942932,-2.075985193,06,26,
M1509/97,1997,F,163,60.14115524,-1.171725631,06,27,
M1552/97,1997,U,165,60.13471603,-1.301496029,06,29,
M1604/97,1997,U,76,56.35985184,-2.805965662,07,11,
M1648/97,1997,U,NA,56.63010025,-2.498747587,07,18,
M1675/97,1997,M,150,56.20599365,-2.711907387,07,22,
M1962/97,1997,F,140,60.84958267,2.580974817,07,23,
M1694/97,1997,F,161,57.03463364,-7.452395916,07,24,
M1963/97,1997,F,135,60.69960022,2.580980778,07,27,
M1904/97,1997,F,143,58.21857834,-5.888743401,08,20,
M1915/97,1997,M,121,58.04164124,-6.130432129,08,21,
M1945/97,1997,F,152,58.85498428,-2.856212378,08,26,
M2100/97,1997,U,180,55.69654083,-4.90228796,09,05,
M2118/97,1997,M,119,57.67992401,-2.325266123,09,13,
M2152/97,1997,F,151,58.60805511,-3.672925711,09,13,
M2309/97,1997,U,140,58.06630707,-5.35841608,09,18,
M2372/97,1997,U,NA,56.29418564,-5.653940678,10,14,
M2472/97,1997,M,137,57.616745,-1.383304477,10,23,
M2730/97,1997,M,103,56.59501648,-5.381479263,11,28,
M2793/97,1997,M,116,56.23578644,-2.667840958,12,06,
M2962/97,1997,U,157,59.38879013,-2.418946028,12,06,
M2790/97,1997,F,155,56.49409103,-5.422855377,12,07,
M59/98,1998,F,120,60.20959473,-1.370279431,01,06,
M166/98,1998,U,137,54.88823318,-5.158889771,01,18,
M112/98,1998,M,122,55.99363708,-3.373878002,01,20,
M169/98,1998,U,NA,60.19134903,-1.157829285,01,26,
M168/98,1998,M,152,57.68382645,-2.159277201,01,26,
M446/98,1998,U,100,55.84552002,-5.132289886,02,19,
M428/98,1998,M,143,55.77891541,-5.099808216,02,25,
M426/98,1998,F,161,55.5304451,-4.655471802,02,28,
M487/98,1998,M,136,55.54832458,-4.659835339,03,01,
M522/98,1998,F,152,57.6867485,-2.937508583,03,08,
M586/98,1998,F,160,58.20156479,-6.381101131,03,10,
M564/98,1998,M,159,56.00369263,-2.543567419,03,13,
M588/98,1998,F,110,58.61545944,-3.347876787,03,17,
M585/98,1998,M,116,54.97856522,-3.56401372,03,17,
M726/98,1998,U,120,54.76553345,-4.998485088,03,22,
M641/98,1998,M,133,60.93253708,-1.66786015,03,23,
M679/98,1998,M,147,58.92372894,-1.134706736,03,26,
M714/98,1998,U,100,55.99459076,-3.369100094,03,29,
M852/98,1998,U,130,56.06441498,-2.780520678,04,06,
M853/98,1998,U,NA,56.06441498,-2.780520678,04,06,
M851/98,1998,U,NA,57.70481873,-3.48840332,04,06,
M854/98,1998,F,152,58.85548401,-2.915168285,04,14,
M911/98,1998,U,NA,55.9719162,-5.448709488,04,17,
M912/98,1998,U,150,59.30301285,-2.546092987,04,20,
M913/98,1998,M,117,55.60642242,-5.13064909,04,21,
M910/98,1998,F,121,56.01952744,-3.389238358,04,22,
M1022/98,1998,U,159,58.87979126,-2.907132149,04,26,
M1044/98,1998,U,NA,57.58636093,-7.506178856,05,02,
M2835/98,1998,U,NA,58.83761215,-2.902558327,05,08,
M1112/98,1998,U,100,57.54958344,-4.107101917,05,18,
M1168/98,1998,F,164,57.68082428,-2.325282812,05,26,
M1201/98,1998,M,83,57.67088699,-2.34530139,05,27,
M1202/98,1998,U,140,57.6710701,-2.548151731,05,28,
M1378/98,1998,U,150,58.11703491,-7.127177238,05,31,
M1226/98,1998,F,162,57.67942047,-1.934566617,06,01,
M1379/98,1998,U,NA,58.1023674,-7.11146307,06,08,
M1278/98,1998,F,140,57.70231628,-2.895960808,06,10,
M1341/98,1998,M,110,55.66159439,-5.152553558,06,14,
M2836/98,1998,U,100,59.03885269,-2.57500267,06,21,
M1342/98,1998,F,75,55.68562317,-4.869653702,06,22,
M1429/98,1998,U,NA,56.48046875,-6.294270515,06,23,
M1369/98,1998,F,163,56.20965195,-2.954351664,06,24,
M1430/98,1998,M,140,58.60107803,-3.510813236,07,01,
M1438/98,1998,F,102,57.70231628,-2.895960808,07,02,
M1537/98,1998,U,100,57.58140945,-4.083840847,07,17,
M1572/98,1998,U,90,57.50292969,-4.308057785,07,22,
M1694/98,1998,M,143,57.8339653,-3.847427607,08,01,
M1747/98,1998,M,90,58.87889862,-2.905379295,08,07,
M1751/98,1998,M,86,57.68080902,-2.580166101,08,13,
M2007/98,1998,M,122,57.68680954,-3.492698193,09,14,
M2140/98,1998,U,100,56.42635345,-2.804132462,09,24,
M2399/98,1998,U,100,56.60152054,-6.226489067,10,18,
M2402/98,1998,U,NA,55.77891541,-5.099808216,10,23,
M2462/98,1998,U,150,57.23925018,-5.889664173,11,06,
M2660/98,1998,M,125,54.95344543,-5.070278645,11,26,
M2691/98,1998,M,130,60.05862427,-1.346207142,12,04,
M2778/98,1998,U,100,56.46459961,-2.861732483,12,15,
M2781/98,1998,F,128,56.06385803,-3.188457251,12,21,
M2780/98,1998,M,131,56.06385803,-3.188457251,12,21,
M2779/98,1998,M,123,56.06385803,-3.188457251,12,21,
M2808/98,1998,M,100,57.83601761,-3.829006672,12,28,
M103/99,1999,M,145,55.21425629,-4.882773876,01,14,
M379/99,1999,U,175,55.44434357,-5.717286587,01,15,
M130/99,1999,F,160,55.53490067,-4.657344818,01,18,
M164/99,1999,M,145,56.02613831,-3.360591412,01,24,
M246/99,1999,F,131,56.0293808,-3.469828367,02,03,
M270/99,1999,U,112,55.35861588,-4.782804012,02,04,
M338/99,1999,M,133,56.35194397,-2.778286934,02,12,
M335/99,1999,U,100,56.01593399,-3.389105797,02,15,
M380/99,1999,F,140,55.16135025,-5.235424042,02,17,
M444/99,1999,U,100,56.1994133,-2.881562471,02,24,
M493/99,1999,M,143,57.17189026,-2.077693939,03,12,
M492/99,1999,M,150,60.15001678,-1.153485656,03,14,
M495/99,1999,U,140,57.11608505,-7.393011093,03,14,
M499/99,1999,F,127,57.33809662,-1.998304009,03,19,
M500/99,1999,M,129,60.09778976,-1.280692101,03,22,
M503/99,1999,F,148,60.21667862,-1.350284219,03,26,
M522/99,1999,U,NA,57.44216919,-5.811157703,04,03,
M506/99,1999,F,149,57.56958389,-4.038012028,04,07,
M508/99B,1999,M,119,55.15953064,-5.269824505,04,08,
M508/99A,1999,M,125,55.15953064,-5.269824505,04,08,
M510/99,1999,F,107,57.51745987,-4.146987915,04,09,
M511/99,1999,F,107,56.03447723,-3.494109154,04,12,
M535/99,1999,U,110,55.9828186,-4.806660652,04,13,
M513/99,1999,M,166,57.68318176,-3.495908976,04,16,
M516/99,1999,F,114,56.40803909,-5.54161644,04,20,
M519/99,1999,U,100,57.18626404,-2.072761059,04,25,
M521/99,1999,F,147,56.02729797,-4.866071224,05,01,
M520/99,1999,F,146,56.41098404,-5.501344681,05,01,
M532/99,1999,M,143,57.76416397,-3.889260292,05,07,
M530/99,1999,U,150,57.57123947,-4.046474457,05,16,
M536/99,1999,M,145,57.17457199,-2.089274168,05,21,
M543/99,1999,F,81,57.66640854,-3.01240921,06,12,
M547/99,1999,M,126,55.86561584,-5.189855576,06,22,
M546/99,1999,M,68,55.42896271,-5.720592976,06,22,
M548/99,1999,F,76,58.59732056,-3.524415016,06,23,
M563/99,1999,M,133,56.70302963,-2.458874226,07,29,
M565/99,1999,F,155,56.51729965,-5.363163948,08,01,
M571/99,1999,U,NA,57.29150772,-7.415401459,08,02,
M575/99,1999,F,159,57.14314651,-2.071026802,08,10,
M576/99,1999,F,152,54.84145355,-3.854608774,08,12,
M580/99,1999,M,92,57.71967697,-3.28083539,08,14,
M585/99,1999,F,96,57.66455841,-3.019075632,08,19,
M589/99,1999,M,103,56.28699493,-6.245031834,08,23,
M599/99,1999,U,150,59.1529808,-2.739513874,08,27,
M604/99,1999,M,140,57.26411438,-5.928789139,09,24,
M610/99,1999,M,149,55.5537529,-4.65861702,10,02,
M615/99,1999,M,135,57.70519638,-3.4565413,10,08,
M622/99b,1999,U,120,56.53538895,-5.584425449,10,25,
M622/99a,1999,U,120,56.53538895,-5.584425449,10,25,
M672/99,1999,U,107,58.92390823,-2.748498201,10,27,
M624/99,1999,F,155,57.53441238,-6.60331583,10,29,
M633/99,1999,M,116,57.08533096,-7.312500477,11,04,
M638/99,1999,F,147,58.59915924,-3.361025572,11,12,
M644/99,1999,F,125,57.66368866,-3.619158745,11,18,
M646/99,1999,F,133,57.68047714,-4.014050007,11,21,
M659/99,1999,F,118,55.84103012,-5.131914139,12,18,
M662/99,1999,U,NA,58.3129158,-6.738430977,12,22,
M663/99,1999,U,120,57.28734589,-5.727044106,12,24,
M17/00,2000,U,150,57.57024765,-7.483645439,02,06,
M12/00,2000,M,142,57.20567322,-6.01370573,02,06,
M34/00,2000,U,100,59.38879013,-2.420709848,02,07,
M14/00,2000,F,131,54.86994934,-3.622143745,02,08,
M29/00,2000,U,120,55.46699905,-5.71150589,03,03,
M50/00,2000,M,104,57.69776917,-2.904243231,03,15,
M60/00,2000,M,125,57.83601761,-3.829006672,04,03,
M59/00,2000,F,122,57.14314651,-2.072665453,04,03,
M61/00,2000,U,100,56.06852341,-3.170922756,04,05,
M62/00,2000,U,100,57.15391922,-2.077645063,04,15,
M63/00,2000,M,116,57.67471695,-3.093126774,04,15,
M73/00,2000,F,106,56.77330399,-2.399201393,04,23,
M77/00,2000,F,111,57.66447067,-3.029117584,04,27,
M83/00,2000,F,100,57.67190552,-2.999158859,04,29,
M81/00,2000,U,110,57.17457962,-2.084303856,05,04,
M84/00,2000,M,113,57.58650208,-3.933571577,05,08,
M92/00,2000,U,NA,57.43279266,-7.394597054,05,13,
M87/00,2000,U,150,56.44765854,-2.84351182,05,14,
M94/00,2000,M,152,55.99448395,-2.891328335,05,31,
M97/00,2000,F,115,56.95885086,-2.202210903,06,04,
M96/00,2000,M,78,57.67470551,-3.094806194,06,04,
M111/00,2000,M,118,57.16919327,-2.077678204,06,26,
M113/00,2000,M,74,56.53651047,-5.416931629,06,27,
M142/00,2000,U,158,58.96224594,-3.340515614,06,28,
M114/00,2000,M,82,57.75296402,-3.917233229,06,28,
M115/00,2000,F,74,57.58722305,-4.112609386,06,29,
M116/00,2000,F,77,57.67178726,-2.343639135,06,30,
M119/00,2000,U,NA,55.6481781,-4.817630291,07,04,
M118/00,2000,M,134,60.15197754,-1.045366049,07,04,
M120/00,2000,M,125,57.75399017,-3.908887148,07,06,
M128/00,2000,U,100,57.66482925,-3.527003288,07,17,
M132/00,2000,F,148,60.27931595,-1.151949525,07,19,
M157/00,2000,M,126,57.39377594,-7.402170181,08,09,
M148/00,2000,F,128,56.00139236,-4.897826195,08,09,
M177/00,2000,U,NA,59.0466156,-2.805208683,08,10,
M161/00,2000,U,135,57.08899307,-7.289886475,08,12,
M164/00,2000,M,140,56.74625397,-2.429983139,08,28,
M168/00,2000,M,146,56.66244125,-2.499167442,09,05,
M176/00,2000,U,NA,56.71474075,-2.447594166,09,23,
M184/00,2000,U,100,56.97052383,-2.203921795,09,26,
M183/00,2000,F,103,57.74845123,-3.918684959,09,26,
M186/00,2000,U,130,58.0054512,-3.854572296,09,28,
M206/00,2000,U,110,57.69666672,-2.800194502,11,08,
M210/00,2000,U,150,58.53420639,-3.109443903,11,16,
M216/00,2000,M,144,56.96782303,-2.203913689,11,27,
M226/00,2000,F,120,54.93018723,-4.993555546,12,21,
M229/00,2000,M,135,57.44421005,-7.401294708,12,23,
M1/01,2001,M,102,60.15699768,-1.122683764,01,05,
M4/01,2001,F,148,56.64085388,-2.507032633,01,18,
M5/01,2001,M,144,60.19661331,-1.289361596,01,22,
M6/01,2001,F,117,57.50320816,-1.789703012,01,24,
M8/01,2001,F,129,55.94955826,-4.92279911,01,25,
M10/01,2001,F,125,56.30241776,-2.6415236,01,28,
M18/01,2001,U,120,55.7751236,-5.107494831,02,13,
M185/01,2001,U,160,59.09871292,-3.345841169,02,17,
M21/01,2001,U,140,56.03639603,-3.693218231,02,19,
M22/01,2001,M,130,57.71087265,-3.431586742,02,25,
M24/01,2001,M,137,58.20584106,-6.308377743,03,07,
M25/01,2001,F,114,56.49610138,-2.711385727,03,08,
M28/01,2001,U,120,57.25455093,-2.038084507,03,11,
M27/01,2001,F,126,58.20630264,-6.294799805,03,14,
M30/01,2001,F,155,55.9896698,-4.701314926,03,20,
M181/01,2001,U,122,58.92394257,-2.74329567,03,21,
M37/01,2001,U,120,56.63817215,-2.502119064,03,27,
M31/01,2001,M,112,57.15841293,-2.077665567,03,30,
M34/01,2001,M,109,57.64234924,-3.601451397,04,08,
M38/01,2001,M,124,56.64715576,-2.502229452,04,09,
M35/01,2001,F,163,56.29611969,-5.64928484,04,09,
M36/01,2001,F,104,57.24248505,-5.90161705,04,10,
M39/01,2001,F,115,57.69413376,-2.610579491,04,11,
M40/01,2001,M,107,57.87995148,-4.013381004,04,14,
M43/01,2001,M,118,57.67992401,-2.325266123,04,17,
M45/01,2001,F,121,57.694664,-2.833699465,04,19,
M46/01,2001,M,153,57.75024796,-3.918781519,04,20,
M47/01,2001,M,114,57.15571594,-2.077649832,04,21,
M48/01,2001,M,104,57.15571594,-2.077649832,04,21,
M49/01,2001,M,110,57.24646378,-2.041383028,04,24,
M51/01,2001,M,129,55.88470078,-4.965891838,04,26,
M55/01,2001,M,103,57.88021469,-3.996533394,05,04,
M58/01,2001,M,110,57.49967194,-4.239413738,05,09,
M57/01,2001,M,151,57.19704819,-2.069473028,05,10,
M63/01,2001,F,110,56.85020447,-5.319160938,05,17,
M59/01,2001,F,110,56.64714813,-2.503863096,05,18,
M66/01,2001,U,120,57.7466507,-3.918589115,05,19,
M68/01,2001,U,NA,57.25318527,-5.90441227,05,23,
M77/01,2001,F,NA,55.96471024,-2.398839474,06,12,
M127/01,2001,M,112,56.33658981,-6.214914322,06,13,
M80/01,2001,F,79,56.33397675,-2.7779212,06,18,
M82/01,2001,F,78,57.15571594,-2.076010227,06,21,
M83/01,2001,F,110,56.20442581,-4.745419979,06,22,
M86/01,2001,U,NA,57.25724411,-2.034775972,06,29,
M91/01,2001,M,84,56.3741951,-2.811115026,07,07,
M90/01,2001,F,116,56.18504333,-4.768207073,07,09,
M93/01,2001,U,NA,57.27251053,-5.742132664,07,10,
M100/01,2001,F,164,57.71081543,-3.268776178,07,18,
M104/01,2001,U,140,57.69644547,-2.127456903,07,21,
M105/01,2001,M,157,57.24375534,-5.860288143,07,23,
M108/01,2001,U,NA,58.59625626,-3.379840374,07,24,
M111/01,2001,F,164,54.89587021,-4.392037868,07,29,
M113/01,2001,M,104,57.70433807,-2.864132643,08,03,
M118/01,2001,F,145,58.0954895,-7.10367918,08,05,
M117/01,2001,M,139,55.8416214,-4.887526512,08,07,
M120/01,2001,F,119,57.67747498,-2.975841999,08,17,
M121/01,2001,F,140,56.63637543,-2.502093792,08,19,
M123/01,2001,M,147,56.49882126,-2.706564903,08,22,
M135/01,2001,F,168,55.73838425,-5.596999168,09,14,
M136/01,2001,F,137,57.69672394,-3.489756584,09,15,
M164/01,2001,M,154,58.92474747,-3.128901005,10,25,
M147/01,2001,M,154,57.90540695,-3.994559288,11,01,
M154/01,2001,U,120,57.30116653,-7.400190353,11,04,
M161/01,2001,F,149,55.99739456,-4.717887402,11,22,
M174/01,2001,M,143,56.66333771,-2.499188662,12,09,
M4/02,2002,M,112,57.47961044,-7.373113155,01,05,
M2/02,2002,F,106,57.69952393,-2.909314871,01,06,
M3/02,2002,M,154,55.78461075,-6.311451912,01,07,
M13/02,2002,U,150,56.03459167,-3.484477758,01,28,
M15/02,2002,M,104,56.03802872,-4.868459225,01,29,
M18/02,2002,M,144,56.19853592,-2.87831974,02,06,
M29/02,2002,U,120,57.46209335,-7.403933525,02,10,
M38/02,2002,U,160,59.09871292,-3.345841169,02,17,
M42/02,2002,U,150,55.70699692,-6.293329716,02,24,
M32/02,2002,M,151,57.52637482,-7.395065784,03,01,
M27/02,2002,F,133,54.92659378,-4.993283272,03,01,
M36/02,2002,F,124,57.47954559,-7.374772072,03,07,
M35/02,2002,F,97,59.97555542,-1.260057569,03,09,
M44/02,2002,U,120,57.19614792,-2.067804575,03,15,
M37/02,2002,U,150,57.25724411,-2.036437035,03,16,
M45/02,2002,U,124,57.20153809,-2.064518452,03,17,
M46/02,2002,F,114,57.19614792,-2.067804575,03,20,
M49/02,2002,M,116,57.67742157,-3.980342627,04,02,
M50/02,2002,M,151,57.66869354,-3.062778711,04,16,
M55/02,2002,U,120,57.3111496,-1.994980335,04,23,
M61/02,2002,F,119,56.02869034,-3.373525858,05,09,
M62/02,2002,F,108,57.24556351,-2.039729834,05,11,
M64/02,2002,U,130,57.39281845,-1.860220909,05,12,
M66/02,2002,U,100,56.63010025,-2.498747587,05,12,
M71/02,2002,U,140,57.25318527,-5.90441227,05,23,
M70/02,2002,M,128,57.65964508,-1.906117797,05,25,
M72/02,2002,F,76,57.32371521,-1.970065832,05,27,
M73/02,2002,M,139,60.18654251,-1.437434912,05,29,
M90/02,2002,U,120,58.07448196,-3.737757206,05,30,
M74/02,2002,M,84,57.25185394,-2.036428213,05,30,
M76/02,2002,F,155,59.2859993,-3.205787659,06,01,
M687/02,2002,U,NA,58.96496582,-2.792865515,06,01,
M78/02,2002,U,130,57.57720184,-4.066881657,06,03,
M79/02,2002,M,143,57.58697891,-3.901808739,06,06,
M681/02,2002,U,75,58.4767189,-5.086954117,06,06,
M688/02,2002,U,86,59.26732635,-2.485867023,06,13,
M85/02,2002,M,147,60.1372757,-1.276245713,06,14,
M91/02,2002,U,100,57.92863846,-4.002600193,06,24,
M88/02,2002,F,164,55.47520447,-4.632753372,06,25,
M89/02,2002,M,147,55.46969223,-5.711770535,06,26,
M99/02,2002,U,NA,57.58636093,-7.506178856,07,14,
M101/02,2002,U,135,57.05815125,-6.491272926,07,15,
M108/02,2002,F,66,56.46536255,-2.88122344,07,27,
M130/02,2002,F,120,55.86190033,-5.088850498,08,15,
M155/02,2002,M,105,56.54423523,-2.614704609,08,20,
M161/02,2002,U,140,55.36694336,-4.772335052,08,23,
M203/02,2002,F,150,55.98613358,-4.896690845,09,06,
M205/02,2002,M,146,56.05608368,-4.903550148,09,08,
M243/02,2002,F,160,56.0594368,-2.711361408,09,23,
M257/02,2002,M,121,55.68172455,-6.26985693,09,27,
M299/02,2002,U,NA,55.98164749,-2.439079285,10,07,
M356/02,2002,M,115,57.69040298,-2.929218054,10,19,
M441/02,2002,F,170,54.85327911,-3.785043716,11,10,
M445/02,2002,M,99,56.20965195,-2.954351664,11,11,
M460/02,2002,U,150,56.39720154,-5.574656963,11,13,
M502/02,2002,F,166,56.01058197,-5.317341805,11,22,
M546/02,2002,F,149,60.26649857,-1.114335418,11,29,
M580/02,2002,F,135,57.56671524,-7.461335659,12,04,
M590/02,2002,M,152,56.33485794,-2.781172991,12,11,
M594/02,2002,F,109,56.21117783,-2.73029542,12,11,
M604/02,2002,M,104,57.25095367,-2.038078785,12,13,
M616/02,2002,F,146,56.73905182,-2.434791803,12,17,
M664/02,2002,U,85,56.96692657,-2.203899622,12,29,
M15/03,2003,U,110,56.77239609,-2.40246129,01,03,
M99/03,2003,F,154,57.15855026,-7.304798126,01,03,
M22/03,2003,U,100,56.19408035,-2.992647648,01,07,
M16/03,2003,F,138,57.14942932,-2.075985193,01,8,
M24/03,2003,M,145,57.15391922,-2.077645063,01,10,
M29/03,2003,U,NA,57.14494324,-2.072670221,01,10,
M23/03,2003,F,133,58.57657623,-4.767122746,01,10,
M45/03,2003,M,160,56.34113693,-2.782919645,01,18,
M63/03,2003,U,120,57.13327408,-2.059441566,01,25,
M85/03,2003,U,120,57.51821518,-7.375460148,02,1,
M82/03,2003,U,135,58.95025635,-2.973290205,02,12,
M86/03,2003,F,113,57.27431488,-2.018197536,02,17,
M89/03,2003,F,136,55.62681198,-6.219354153,02,19,
M191/03,2003,F,114,58.96279144,-2.978855371,02,20,
M104/03,2003,U,150,56.0095787,-3.546072006,02,22,
M96/03,2003,F,109,55.86278152,-4.980209827,02,23,
M112/03,2003,U,150,55.49225616,-5.094666004,02,27,
M105/03,2003,M,114,57.34706497,-1.93350482,03,1,
M106/03,2003,U,100,56.20385742,-2.888120651,03,2,
M108/03,2003,F,125,55.98523331,-4.896630287,03,3,
M113/03,2003,M,110,56.67240143,-2.479714155,03,5,
M115/03,2003,M,141,56.5496521,-2.608294725,03,7,
M116/03,2003,M,106,57.87903214,-4.015011787,03,7,
M120/03,2003,F,113,57.87810135,-4.016643047,03,9,
M118/03,2003,M,149,55.84980011,-5.140624046,03,10,
M122/03,2003,M,104,57.31953049,-6.107568741,03,10,
M123/03,2003,M,120,56.77420807,-2.397564173,03,13,
M192/03,2003,U,120,58.92391968,-3.120179415,03,16,
M130/03,2003,F,104,57.34796143,-1.930166125,03,17,
M140/03,2003,M,102,56.00963211,-3.390488386,03,30,
M141/03,2003,M,110,55.99320602,-3.412345409,03,31,
M143/03,2003,F,123,57.68082047,-2.576806068,04,3,
M148/03,2003,M,112,57.75209427,-3.915509701,04,9,
M149/03,2003,F,95,57.67473221,-3.091446877,04,10,
M150/03,2003,F,125,57.67991638,-2.326945782,04,11,
M153/03,2003,U,100,57.24197006,-2.043043613,04,14,
M154/03B,2003,F,106,55.99320602,-3.412345409,04,14,
M154/03A,2003,M,105,55.99320602,-3.412345409,04,14,
M152/03,2003,M,138,58.00918961,-3.84460187,04,14,
M156/03,2003,F,112,57.69204712,-4.02140379,04,19,
M157/03,2003,U,NA,57.66379547,-3.610777855,04,21,
M161/03,2003,F,149,56.20377731,-2.765612125,04,26,
M165/03,2003,M,103,56.32235718,-5.582206249,04,30,
M177/03,2003,F,165,57.60565948,-1.82257545,05,18,
M179/03,2003,U,140,56.03463745,-3.322368145,05,20,
M178/03,2003,M,102,57.66373444,-3.615799665,05,20,
M335/03,2003,U,NA,59.26822281,-2.485888958,05,31,
M195/03,2003,F,173,55.22737503,-4.860137939,06,13,
M197/03,2003,F,154,55.66245651,-5.154212952,06,14,
M205/03,2003,F,157,57.58232117,-7.433525562,06,18,
M210/03,2003,F,152,55.94776917,-4.922661781,06,26,
M217/03,2003,F,150,56.18095016,-2.823152304,07,02,
M218/03,2003,M,161,57.65515137,-1.899420857,07,4,
M230/03,2003,U,100,56.09469223,-3.158864737,07,16,
M229/03,2003,U,146,56.64085388,-2.507032633,07,16,
M234/03,2003,U,120,57.71854019,-3.388244867,07,17,
M237/03,2003,F,146,54.85116577,-4.238271236,07,19,
M236/03,2003,M,65,57.68026733,-4.027461052,07,19,
M244/03,2003,M,144,55.89624786,-4.896381855,08,8,
M256/03,2003,M,140,56.83473587,-2.272018433,08,18,
M264/03,2003,F,97.5,57.57403946,-4.095121861,09,9,
M266/03,2003,F,120,56.75436401,-2.421898365,09,12,
M268/03,2003,M,117,56.79145813,-2.335548401,09,15,
M284/03,2003,M,134,56.66064453,-2.500776529,10,5,
M287/03,2003,F,98,56.09825134,-3.162181139,10,18,
M290/03,2003,F,95,57.72034836,-3.30269146,10,26,
M291/03,2003,F,109,57.1503334,-2.077651739,10,27,
M294/03,2003,U,60,57.87905884,-4.013338566,10,29,
M303/03,2003,F,145,56.6489296,-2.508773327,11,9,
M307/03,2003,U,120,55.91765976,-2.140766144,11,11,
M311/03,2003,F,173,54.7902565,-4.368684292,11,22,
M325/03,2003,U,130,57.66670609,-2.516250849,12,18,
M327/03,2003,U,120,56.03820419,-3.325710297,12,21,
M330/03,2003,U,120,58.46306229,-5.05659008,12,26,
NMS,1992,Female,,,,9,6,
NMS,1992,Male,,,,7,19,
NMS,1992,Male,,,,12,5,
NMS,1992,Male,,,,11,20,
NMS,1992,Male,,,,11,16,
NMS,1992,Female,,,,8,12,
NMS,1992,Male,,,,7,24,
NMS,1992,Female,,,,7,9,
NMS,1992,Male,,,,7,6,
NMS,1991,Female,,,,9,12,
NMS,1991,Female,,,,11,30,
NMS,1991,Male,,,,9,30,
NMS,1991,Female,,,,11,13,
NMS,1991,Male,,,,10,22,
NMS,1991,Male,,,,7,12,
NMS,1991,Male,,,,6,16,
NMS,1990,Male,,,,9,24,
NMS,1991,Male,,,,6,25,
NMS,1991,Female,,,,9,9,
NMS,1991,Female,,,,3,19,
NMS,1991,Male,,,,10,9,
NMS,1991,Male,,,,6,10,
NMS,1991,Male,,,,2,22,
NMS,1992,Female,,,,4,1,
NMS,1992,,,,,6,24,
NMS,1991,Male,,,,3,17,
NMS,1991,Female,,,,4,13,
NMS,1991,Male,,,,7,14,
NMS,1992,Male,,,,7,24,
NMS,1992,Male,,,,1,30,
NMS,1992,Female,,,,1,15,
NMS,1992,Female,,,,9,29,
NMS,1992,Female,,,,7,5,
NMS,1992,Female,,,,5,25,
NMS,1992,Male,,,,6,22,
NMS,1992,Male,,,,10,7,
NMS,1992,Male,,,,11,13,
NMS,1992,Female,,,,9,22,
NMS,1992,Male,,,,11,3,
NMS,1992,Male,,,,8,11,
NMS,1992,Female,,,,6,4,
NMS,1992,Female,,,,6,9,
NMS,1992,Female,,,,6,8,
NMS,1990,Female,,,,12,12,
NMS,1990,Male,,,,11,29,
NMS,1990,Male,,,,NA,,
NMS,1991,Female,,,,2,5-7,
NMS,1991,Female,,,,2,5,
NMS,1991,Male,,,,1,19,
NMS,1991,Male,,,,2,14,
NMS,1991,Male,,,,2,16,
NMS,1991,Female,,,,1,,
NMS,1991,Male,,,,3,17,
NMS,1991,Male,,,,3,27,
NMS,1991,Female,,,,3,7,
NMS,1991,Female,,,,4,20,
NMS,1991,Female,,,,4,2,
NMS,1991,Male,,,,3,27,
NMS,1991,Male,,,,8,29,
NMS,1991,Female,,,,9,16,
NMS,1991,Female,,,,5,13,
NMS,1991,Male,,,,6,26,
NMS,1991,Male,,,,6,29,
NMS,1991,Female,,,,6,18,
NMS,1991,Male,,,,2,13,
NMS,1991,Male,,,,3,14,
NMS,1991,Male,,,,2,13,
NMS,1991,Female,,,,4,25,
NMS,1991,Male,,,,5,6,
NMS,1991,Female,,,,5,3,
NMS,1991,Male,,,,4,25,
NMS,1991,Male,,,,6,,
NMS,1991,Female,,,,6,18,
NMS,1991,Male,,,,6,17,
NMS,1991,Male,,,,6,6,
NMS,1991,Female,,,,5,25,
NMS,1994,,,,,4,18,
NMS,1994,Female,,,,10,26,
NMS,1875,,,,,NA,,
NMS,1989,Male,,,,12,6,
NMS,1990,Male,,,,NA,,
NMS,1989,Male,,,,12,6,
NMS,1989,Female,,,,12,2,
NMS,1989,Female,,,,10,2,
NMS,1989,Female,,,,8,30,
NMS,1989,Male,,,,10,13,
NMS,1989,Male,,,,8,24,
NMS,1989,Male,,,,8,24,
NMS,1989,Female,,,,10,20,
NMS,1989,Female,,,,7,27,
NMS,1989,Female,,,,8,24,
NMS,1989,Female,,,,8,23,
NMS,1989,Male,,,,7,28,
NMS,1989,Male,,,,11,1,
NMS,1989,Female,,,,10,14,
NMS,1989,Male,,,,7,10-11,
NMS,1989,Male,,,,8,5,
NMS,1988,Female,,,,6,1,
NMS,1989,Female,,,,3,2,
NMS,1990,Female,,,,NA,,
NMS,1990,Female,,,,NA,,
NMS,1989,Female,,,,2,16,
NMS,1990,Male,,,,NA,,
NMS,1990,Male,,,,NA,,
NMS,1989,Male,,,,2,16,
NMS,1990,Male,,,,6,7,
NMS,1990,Male,,,,NA,,
NMS,1990,Female,,,,5,13,
NMS,1990,Female,,,,8,14,
NMS,1990,Male,,,,8,,
NMS,1990,Male,,,,8,,
NMS,1932,,,,,NA,,
NMS,1981,Male,,,,10,13,
NMS,1984,Female,,,,6,8,
NMS,1875,,,,,NA,,
NMS,1968,,,,,1,19,
NMS,1929,,,,,9,4,
NMS,1929,,,,,NA,,
NMS,1908,,,,,NA,,
NMS,1995,Male,,,,12,18,
NMS,1997,Male,,,,7,17,
NMS,1997,Female,,,,7,30,
NMS,1995,Female,,,,12,6,
NMS,1995,Female,,,,12,22,
NMS,1995,Male,,,,9,4,
NMS,1995,Male,,,,12,21,
NMS,1995,Male,,,,8,24,
NMS,1996,Male,,,,1,28,
NMS,1995,Female,,,,7,13,
NMS,1996,Female,,,,2,12,
NMS,1995,Female,,,,8,15,
NMS,1995,Female,,,,7,3,
NMS,1995,Male,,,,4,25,
NMS,1995,Male,,,,5,3,
NMS,1995,Male,,,,4,23,
NMS,1995,Male,,,,5,11,
NMS,1994,Female,,,,12,1,
NMS,1995,Male,,,,4,20,
NMS,1995,Female,,,,7,7,
NMS,1995,Male,,,,5,14,
NMS,1995,Male,,,,7,2,
NMS,1995,Female,,,,7,9,
NMS,1995,Male,,,,6,11,
NMS,1995,Female,,,,4,3,
NMS,1995,Female,,,,7,5,
NMS,1995,Female,,,,8,11,
NMS,1995,Female,,,,6,9,
NMS,1995,Male,,,,6,25,
NMS,1994,Male,,,,1,23,
NMS,1994,Female,,,,4,14,
NMS,1993,Male,,,,NA,,
NMS,1993,Male,,,,6,6,
NMS,1993,Male,,,,NA,,
NMS,1993,,,,,NA,,
NMS,1996,Male,,,,2,15,
NMS,1996,Female,,,,2,29,
NMS,1995,Male,,,,9,8,
NMS,1996,Male,,,,3,25,
NMS,1995,Female,,,,10,6,
NMS,1997,Female,,,,6,24,
NMS,1996,Female,,,,1,28,
NMS,1996,Male,,,,10,31,
NMS,1996,Female,,,,6,24,
NMS,1996,Female,,,,10,23,
NMS,1996,Female,,,,9,29,
NMS,1996,Male,,,,7,31,
NMS,1997,Female,,,,7,17,
NMS,1997,Female,,,,7,13,
NMS,1997,Female,,,,6,19,
NMS,1996,Female,,,,5,26,
NMS,1994,Female,,,,11,3,
NMS,1994,Male,,,,12,9,
NMS,1994,Female,,,,12,30,
NMS,1994,Male,,,,11,14,
NMS,1994,Female,,,,12,13,
NMS,1994,Female,,,,11,5,
NMS,1994,Female,,,,8,11,
NMS,1994,Female,,,,10,28,
NMS,1994,Male,,,,10,23,
NMS,1994,Female,,,,9,17,
NMS,1994,Male,,,,9,29,
NMS,1994,Female,,,,9,16,
NMS,1994,Female,,,,12,5,
NMS,1995,Male,,,,1,24,
NMS,1994,Female,,,,10,23,
NMS,1994,Female,,,,9,21,
NMS,1994,Male,,,,10,14,
NMS,1994,Male,,,,10,28,
NMS,1995,Female,,,,3,9,
NMS,1995,Female,,,,3,13,
NMS,1995,Female,,,,3,21,
NMS,1994,,,,,10,30,
NMS,1993,Female,,,,11,29,
NMS,1994,Female,,,,12,3,
NMS,1995,Male,,,,3,6,
NMS,1995,Female,,,,2,24,
NMS,1995,Female,,,,2,24,
NMS,1995,Female,,,,1,23,
NMS,1995,Male,,,,2,3,
NMS,1994,Female,,,,12,28,
NMS,1995,Male,,,,4,20,
NMS,1995,Female,,,,4,14,
NMS,1995,Male,,,,4,11,
NMS,1995,Male,,,,2,16,
NMS,1995,Female,,,,2,22,
NMS,1995,Male,,,,2,5,
NMS,1994,Male,,,,5,11,
NMS,1992,,,,,11,,
NMS,1993,Female,,,,9,22,
NMS,1993,Male,,,,11,15,
NMS,1994,Female,,,,1,7,
NMS,1993,Female,,,,10,1,
NMS,1993,Female,,,,7,19,
NMS,1993,Male,,,,12,7,
NMS,1994,Male,,,,3,4,
NMS,1994,Female,,,,4,10,
NMS,1994,Male,,,,4,28,
NMS,1994,Male,,,,5,6,
NMS,1994,Male,,,,6,2,
NMS,1994,Male,,,,7,10,
NMS,1994,Male,,,,8,4,
NMS,1994,Female,,,,5,25,
NMS,1994,Female,,,,3,16,
NMS,1994,Male,,,,3,1,
NMS,1994,Female,,,,2,20,
NMS,1994,Female,,,,1,23,
NMS,1994,Male,,,,3,31,
NMS,1994,Male,,,,6,14,
NMS,1994,Male,,,,7,9,
NMS,1994,Female,,,,3,31,
NMS,1994,Male,,,,3,7,
NMS,1994,,,,,2,11,
NMS,1993,Female,,,,9,20,
NMS,1994,Male,,,,3,11,
NMS,1994,Male,,,,2,4,
NMS,1994,,,,,5,30,
NMS,1994,Male,,,,7,1,
NMS,1994,Male,,,,4,23,
NMS,1994,Female,,,,7,28,
NMS,1994,,,,,4,2,
NMS,1994,,,,,2,23,
NMS,1994,Female,,,,5,24,
NMS,1994,,,,,8,22,
NMS,1994,Male,,,,2,25,
NMS,1994,,,,,5,13,
NMS,1994,Female,,,,2,18,
NMS,1994,Female,,,,7,1,
NMS,1993,Male,,,,9,4,
NMS,1994,Male,,,,6,28,
NMS,1994,,,,,6,21,
NMS,1994,Female,,,,6,7,
NMS,1994,Male,,,,5,26,
NMS,1991,Male,,,,6,10,
NMS,1991,Male,,,,3,13,
NMS,1991,Male,,,,3,9,
NMS,1993,Female,,,,3,16,
NMS,1993,Male,,,,3,7,
NMS,1991,Male,,,,2,18,
NMI,1945,NA,,53.331333,-6.209139,,,
NMI,1988,F,176,52.06675,-10.187778,,,
NMI,1978,,,51.745444,-10.133972,,,
NMI,1985,,153,51.428389,-9.502389,,,
NMI,1983,M,,51.940513,-7.843401,,,
NMI,1983,M,,51.940513,-7.843401,,,
NMI,1983,M,,51.940513,-7.843401,,,
NMI,1983,M,,51.940513,-7.843401,,,
NMI,1983,M,,51.940513,-7.843401,,,
NMI,1983,M,,51.940513,-7.843401,,,
NMI,1983,M,,51.940513,-7.843401,,,
NMI,1983,M,,51.940513,-7.843401,,,
NMI,1983,M,,51.940513,-7.843401,,,
NMI,1983,M,,51.940513,-7.843401,,,
NMI,1983,F,,51.940513,-7.843401,,,
NMI,1983,,,51.940513,-7.843401,,,
NMI,1983,,,51.940513,-7.843401,,,
NMI,1983,,130,52.185921,-6.535908,,,
NMI,1983,,,52.33838,-9.834918,,,
NMI,1981,,,53.399664,-10.235287,,,
NMI,1988,,140,53.678691,-6.236961,,,
NMI,1987,,,51.438857,-9.498431,,,
NMI,1987,,,53.272061,-6.084397,,,
